PROBLEM_NO,NAME,LANGUAGE,DATE_COMPLETED,LC_LEVEL,RUNTIME_PERCENTILE,MEMORY_PERCENTILE,POSTED_TO DISCUSSION,NEW_FUNCTIONS
122,Best Time to Buy and Sell Stock II,python,7/23/2020,easy,10.84,48.35,,
595,Big Countries,sql,7/12/2020,easy,70.59,,,
1281,Subtract the Product and Sum of Digits of an Integer,python,6/29/2020,easy,97.21,66.18,,
26,Remove Duplicates from Sorted Array,python,7/23/2020,easy,93.92,77.62,,
189,Rotate Array,python,7/23/2020,easy,55.14,5.74,,
217,Contains Duplicate,python,7/24/2020,easy,16.9,23.93,,
136,Single Number,python,7/24/2020,easy,96.2,19.04,,
350,Intersection of Two Arrays II,python,7/24/2020,easy,5.5,87.7,,
66,Plus One,python,7/24/2020,easy,16.21,42.12,,"reversed(), insert()"
283,Move Zeroes,python,7/24/2020,easy,98.93,59.57,,
1,Two Sum,python,7/26/2020,easy,95.56,47.68,,
344,Reverse String,python,7/26/2020,easy,69.13,16.92,,"//, ~"
7,Reverse Integer,python,7/26/2020,easy,93.46,91.08,,
387,First Unique Character in a String,python,7/27/2020,easy,73.45,87.5,,
13,Roman to Integer,python,7/27/2020,easy,98.27,89.83,y,
,,,,,,,,
242,Valid Anagram,python,7/29/2020,easy,90.91,74.24,,ord()
125,Valid Palindrome,python,8/5/2020,easy,45.66,15.48,,isalnum()
8,String to Integer (atoi),python,5/7/2020,medium,97.73,27,,isdigit()
28,,python,,,,,,
38,,python,,,,,,
70,,python,,,,,,
121,,python,,,,,,
53,,python,,,,,,
198,,python,,,,,,
412,,python,,,,,,
204,,python,,,,,,
326,,python,,,,,,
,,,,,,,,
237,,python,,,,,,
19,,python,,,,,,
206,,python,,,,,,
21,,python,,,,,,
234,,python,,,,,,
141,,python,,,,,,
104,,python,,,,,,
98,,python,,,,,,
101,,python,,,,,,
102,,python,,,,,,
108,,python,,,,,,
94,,python,,,,,,
107,,python,,,,,,
331,,python,,,,,,
,,,,,,,,
,,,,,,,,
,,,,,,,,
,,,,,,,,
,,,,,,,,
114,Flatten Binary Tree to Linked List,python,,medium,,,,
